<?xml version="1.0" encoding="UTF-8"?>
<project-private xmlns="http://www.netbeans.org/ns/project-private/1">
    <editor-bookmarks xmlns="http://www.netbeans.org/ns/editor-bookmarks/2" lastBookmarkId="0"/>
    <open-files xmlns="http://www.netbeans.org/ns/projectui-open-files/2">
        <group>
            <file>file:/C:/Users/phamn/OneDrive/Documents/dancso/DACS/src/Model/EmailStorage.java</file>
            <file>file:/C:/Users/phamn/OneDrive/Documents/dancso/DACS/src/controller/KHController.java</file>
            <file>file:/C:/Users/phamn/OneDrive/Documents/dancso/DACS/src/VIEW/Main.java</file>
            <file>file:/C:/Users/phamn/OneDrive/Documents/dancso/DACS/src/controller/PanelKHController.java</file>
            <file>file:/C:/Users/phamn/OneDrive/Documents/dancso/DACS/src/ultil/Email.java</file>
            <file>file:/C:/Users/phamn/OneDrive/Documents/dancso/DACS/src/VIEW/VIEW.java</file>
        </group>
    </open-files>
</project-private>
